,latitud,provinciaAemet,altitud,indicativo,nombre,indsinop,longitud,distrito,ciudad,provincia,CA,pais
0,40.95805555555556,TARRAGONA,32.0,0002I,VANDELLÒS  ,08169,0.8713888888888889,,Vandellòs l'Hospitalet de l'Infant,Tarragona,Cataluña,ESP
1,41.144999999999996,TARRAGONA,71.0,0016A,REUS AEROPUERTO,08175,1.163611111111111,,Reus,Tarragona,Catalunya,ESP
2,41.29277777777778,BARCELONA,4.0,0076,BARCELONA AEROPUERTO,08181,2.0700000000000003,,El Prat de Llobregat,Barcelona,Catalunya,ESP
3,41.72,BARCELONA,291.0,0149X,MANRESA,08174,1.840277777777778,Manresa,Manresa,Barcelona,Catalunya,ESP
4,41.41833333333333,BARCELONA,408.0,0200E,"BARCELONA, FABRA",,2.1241666666666665,Barcelona,Barcelona,Barcelona,Catalunya,ESP
5,41.39055555555556,BARCELONA,6.0,0201D,BARCELONA,08180,2.2,Barcelona,Barcelona,Barcelona,Catalunya,ESP
6,41.52361111111111,BARCELONA,146.0,0229I,SABADELL AEROPUERTO,08192,2.1030555555555557,,Sabadell,Barcelona,Catalunya,ESP
7,41.587500000000006,BARCELONA,74.0,0252D,ARENYS DE MAR,08186,2.54,Arenys de Mar,Arenys de Mar,Barcelona,Catalunya,ESP
8,41.65083333333333,BARCELONA,40.0,0255B,SANTA SUSANNA,08188,2.6969444444444446,,Santa Susanna,Barcelona,Catalunya,ESP
9,42.19138888888889,GIRONA,675.0,0324A,RIPOLL,08118,2.196111111111111,Ripoll,Ripoll,Girona,Catalunya,ESP
10,41.91166666666666,GIRONA,143.0,0367,GIRONA AEROPUERTO,08184,2.763333333333333,,Aiguaviva,Girona,Catalunya,ESP
11,41.980000000000004,GIRONA,95.0,0370B,"GIRONA, ANTIC INSTITUT",,2.8252777777777776,Girona,Girona,Girona,Catalunya,ESP
12,42.10444444444445,GIRONA,157.0,0372C,PORQUERES,08120,2.763611111111111,Les Pedreres,Porqueres,Girona,Catalunya,ESP
13,43.13583333333333,NAVARRA,183.0,1002Y,"BAZTAN, IRURITA ",08030,-1.5430555555555554,,Baztan,Navarra,Comunidad Foral de Navarra,ESP
14,43.356944444444444,GIPUZKOA,4.0,1014,"HONDARRIBIA, MALKARROA",08029,-1.7922222222222222,,Fuenterrabía,Guipúzcoa,País Vasco,ESP
15,43.356944444444444,GIPUZKOA,4.0,1014A,SAN SEBASTIÁN AEROPUERTO,08029,-1.7922222222222222,,Fuenterrabía,Guipúzcoa,País Vasco,ESP
16,43.30638888888888,GIPUZKOA,251.0,1024E,"DONOSTIA/SAN SEBASTIÁN, IGUELDO",08027,-2.041111111111111,,San Sebastián,Guipúzcoa,País Vasco,ESP
17,43.080000000000005,GIPUZKOA,420.0,1037Y,ZUMARRAGA,08037,-2.3175,Zumarraga,Zumarraga,Guipúzcoa,País Vasco,ESP
18,43.30222222222222,GIPUZKOA,28.0,1041A,ZUMAIA,08026,-2.2511111111111113,Zumaya,Zumaya,Guipúzcoa,País Vasco,ESP
19,43.20944444444445,GIPUZKOA,119.0,1050J,ELGOIBAR,08036,-2.413333333333333,,Elgoibar,Guipúzcoa,País Vasco,ESP
20,43.37694444444445,BIZKAIA,12.0,1055B,LEKEITIO,08024,-2.5102777777777776,,Lekeitio,Vizcaya,País Vasco,ESP
21,43.45388888888889,BIZKAIA,93.0,1057B,MACHICHACO,,-2.7527777777777778,,Bermeo,Vizcaya,País Vasco,ESP
22,43.375,BIZKAIA,90.0,1059X,PUNTA GALEA,08059,-3.0216666666666665,,Guecho,Vizcaya,País Vasco,ESP
23,43.20333333333333,BIZKAIA,208.0,1078I,GÜEÑES,08035,-3.104722222222222,,Güeñes,Vizcaya,País Vasco,ESP
24,43.29805555555556,BIZKAIA,42.0,1082,BILBAO AEROPUERTO,08025,-2.906388888888889,,Loiu,Vizcaya,País Vasco,ESP
25,43.39472222222222,CANTABRIA,45.0,1083L,CASTRO URDIALES,08020,-3.233888888888889,,Castro-Urdiales,Cantabria,Cantabria,ESP
26,43.42388888888889,CANTABRIA,3.0,1109,SANTANDER AEROPUERTO,08021,-3.8255555555555554,Maliaño,Camargo,Cantabria,Cantabria,ESP
27,43.465,CANTABRIA,64.0,1110,"SANTANDER, CIUDAD",,-3.8188888888888886,Santander,Santander,Cantabria,Cantabria,ESP
28,43.49111111111111,CANTABRIA,52.0,1111,SANTANDER,08023,-3.8005555555555555,,Santander,Cantabria,Cantabria,ESP
29,43.49111111111111,CANTABRIA,52.0,1111X,SANTANDER,08023,-3.8005555555555555,,Santander,Cantabria,Cantabria,ESP
30,43.39333333333333,CANTABRIA,38.0,1159,SAN VICENTE DE LA BARQUERA,08017,-4.392222222222222,San Vicente de la Barquera,San Vicente de la Barquera,Cantabria,Cantabria,ESP
31,43.42027777777778,ASTURIAS,10.0,1183X,LLANES,08016,-4.748055555555555,Llanes,Llanes,Asturias,Principado de Asturias,ESP
32,43.52305555555555,ASTURIAS,26.0,1207U,"GIJÓN, CAMPUS",08014,-5.621111111111111,,Gijón,Asturias,Principado de Asturias,ESP
33,43.538888888888884,ASTURIAS,3.0,1208,GIJÓN,,-5.637499999999999,Gijón,Gijón,Asturias,Principado de Asturias,ESP
34,43.541666666666664,ASTURIAS,22.0,1208A,GIJÓN. LA MERCED,,-5.661944444444445,Gijón,Gijón,Asturias,Principado de Asturias,ESP
35,43.559999999999995,ASTURIAS,5.0,1208H,"GIJÓN, PUERTO",08014,-5.700833333333334,Gijón,Gijón,Asturias,Principado de Asturias,ESP
36,43.655833333333334,ASTURIAS,100.0,1210X,CABO PEÑAS,08012,-5.8486111111111105,,Gozón,Asturias,Principado de Asturias,ESP
37,43.566944444444445,ASTURIAS,127.0,1212E,ASTURIAS AEROPUERTO,08011,-6.0441666666666665,,Castrillón,Asturias,Principado de Asturias,ESP
38,42.978611111111114,ASTURIAS,1480.0,1221D,PAJARES-VALGRANDE,08031,-5.776388888888889,,Lena,Asturias,Principado de Asturias,ESP
39,43.35333333333333,ASTURIAS,336.0,1249I,OVIEDO,08015,-5.874166666666667,Oviedo,Oviedo,Asturias,Principado de Asturias,ESP
40,43.35333333333333,ASTURIAS,336.0,1249X,OVIEDO,08015,-5.874166666666667,Oviedo,Oviedo,Asturias,Principado de Asturias,ESP
41,43.56916666666667,ASTURIAS,60.0,1283U,CABO BUSTO,08010,-6.47,,Valdés,Asturias,Principado de Asturias,ESP
42,43.52472222222222,ASTURIAS,40.0,1331A,CASTROPOL,08009,-7.0313888888888885,Castropol,Castropol,Asturias,Principado de Asturias,ESP
43,43.78611111111111,A CORUÑA,80.0,1351,ESTACA DE BARES,08004,-7.684722222222223,,Mañón,A Coruña,Galicia,ESP
44,43.365833333333335,A CORUÑA,58.0,1387,A CORUÑA,08001,-8.421388888888888,A Coruña,A Coruña,A Coruña,Galicia,ESP
45,43.30694444444444,A CORUÑA,98.0,1387E,A CORUÑA AEROPUERTO,08002,-8.371944444444445,Alvedro,Culleredo,La Coruña,Galicia,ESP
46,43.160555555555554,A CORUÑA,50.0,1393,CABO VILÁN,08006,-9.210833333333333,,Camariñas,A Coruña,Galicia,ESP
47,42.92472222222222,A CORUÑA,230.0,1400,FISTERRA,08040,-9.29138888888889,,Fisterra,A Coruña,Galicia,ESP
48,42.88805555555555,A CORUÑA,370.0,1428,SANTIAGO DE COMPOSTELA AEROPUERTO,08042,-8.410555555555556,,O Pino,A Coruña,Galicia,ESP
49,42.720555555555556,A CORUÑA,685.0,1437O,MONTE IROITE,08043,-8.923333333333332,,Porto do Son,A Coruña,Galicia,ESP
50,42.73833333333334,A CORUÑA,100.0,1473A,PADRÓN,08039,-8.627222222222223,,Padrón,La Coruña,Galicia,ESP
51,42.876111111111115,A CORUÑA,240.0,1475X,SANTIAGO DE COMPOSTELA,08041,-8.555833333333334,Santiago de Compostela,Santiago de Compostela,A Coruña,Galicia,ESP
52,42.43055555555555,PONTEVEDRA,19.0,1484,"PONTEVEDRA, INSTITUTO",,-8.647222222222222,Pontevedra,Pontevedra,Pontevedra,Galicia,ESP
53,42.43833333333333,PONTEVEDRA,108.0,1484C,PONTEVEDRA,08044,-8.615833333333333,,Pontevedra,Pontevedra,Galicia,ESP
54,42.23861111111111,PONTEVEDRA,261.0,1495,VIGO AEROPUERTO,08045,-8.623888888888889,,Redondela,Pontevedra,Galicia,ESP
55,43.11138888888889,LUGO,445.0,1505,LUGO AEROPUERTO,08008,-7.4575000000000005,,Castro de Rei,Lugo,Galicia,ESP
56,42.994166666666665,ASTURIAS,1530.0,1542,PUERTO DE LEITARIEGOS,08052,-6.4141666666666675,Puerto de Leitariegos,Cangas del Narcea,Asturias,Principado de Asturias,ESP
57,42.56388888888888,LEON,534.0,1549,PONFERRADA,08053,-6.6,Compostilla,Ponferrada,León,Castilla y León,ESP
58,42.339444444444446,OURENSE,840.0,1631E,A POBRA DE TRIVES,08051,-7.2825,,A Pobra de Trives,Ourense,Galicia,ESP
59,42.32527777777778,OURENSE,143.0,1690A,OURENSE,08048,-7.859722222222222,Ourense,Ourense,Ourense,Galicia,ESP
60,42.33222222222223,OURENSE,148.0,1690B,"OURENSE,INSTITUTO",,-7.864444444444444,Ourense,Ourense,Ourense,Galicia,ESP
61,42.421388888888885,OURENSE,400.0,1700X,O CARBALLIÑO,08047,-8.092500000000001,O Carballiño,O Carballiño,Ourense,Galicia,ESP
62,42.07916666666667,OURENSE,616.0,1735X,XINZO DE LIMIA,08050,-7.733611111111111,,Xinzo de Limia,Ourense,Galicia,ESP
63,41.775,SORIA,1082.0,2030,SORIA,08148,-2.4830555555555556,Soria,Soria,Soria,Castilla y León,ESP
64,41.66583333333333,BURGOS,790.0,2117D,ARANDA DE DUERO,08144,-3.742777777777778,Aranda de Duero,Aranda de Duero,Burgos,Castilla y León,ESP
65,41.19194444444444,SEGOVIA,1798.0,2150H,"LA PINILLA, ESTACIÓN DE ESQUÍ",08143,-3.475277777777778,,Cerezo de Arriba,Segovia,Castilla y León,ESP
66,42.870555555555555,PALENCIA,1140.0,2235U,CERVERA DE PISUERGA,08058,-4.52,,Cervera de Pisuerga,Palencia,Castilla y León,ESP
67,41.959722222222226,BURGOS,1080.0,2298,PALACIOS DE LA SIERRA,08149,-3.131666666666667,,Palacios de la Sierra,Burgos,Castilla y León,ESP
68,42.356944444444444,BURGOS,891.0,2331,BURGOS AEROPUERTO,08075,-3.620277777777778,,Burgos,Burgos,Castilla y León,ESP
69,42.350833333333334,PALENCIA,830.0,2374X,CARRIÓN DE LOS CONDES,08068,-4.617222222222223,,Carrión de los Condes,Palencia,Castilla y León,ESP
70,41.995555555555555,PALENCIA,874.0,2400E,AUTILLA DEL PINO,08072,-4.602777777777778,,Autilla del Pino,Palencia,Castilla y León,ESP
71,42.005,PALENCIA,750.0,2401,"PALENCIA, OBSERVATORIO",,-4.529166666666667,Palencia,Palencia,Palencia,Castilla y León,ESP
72,41.64083333333333,VALLADOLID,735.0,2422,VALLADOLID,08141,-4.754444444444444,Valladolid,Valladolid,Valladolid,Castilla y León,ESP
73,40.659166666666664,AVILA,1130.0,2444,ÁVILA,08210,-4.680000000000001,Ávila,Ávila,Ávila,Castilla y León,ESP
74,40.656666666666666,AVILA,1143.0,2444C,"ÁVILA, AYUNTAMIENTO",,-4.700277777777778,Ávila,Ávila,Ávila,Castilla y León,ESP
75,40.793055555555554,MADRID,1894.0,2462,PUERTO DE NAVACERRADA,08215,-4.010555555555555,,Real Sitio de San Ildefonso,Segovia,Castilla y León,ESP
76,40.945277777777775,SEGOVIA,1005.0,2465,SEGOVIA,08213,-4.126388888888888,Segovia,Segovia,Segovia,Castilla y León,ESP
77,40.946666666666665,SEGOVIA,990.0,2465A,"SEGOVIA, INSTITUTO",,-4.115833333333333,Segovia,Segovia,Segovia,Castilla y León,ESP
78,40.355000000000004,SALAMANCA,1960.0,2491C,"LA COVATILLA, ESTACIÓN DE ESQUÍ",08205,-5.69,,Navacarros,Salamanca,Castilla y León,ESP
79,41.325833333333335,VALLADOLID,740.0,2503X,OLMEDO,08142,-4.686944444444444,,Olmedo,Valladolid,Castilla y León,ESP
80,41.71194444444445,VALLADOLID,846.0,2539,VALLADOLID AEROPUERTO,08140,-4.855555555555555,,Villanubla,Valladolid,Castilla y León,ESP
81,41.51555555555556,ZAMORA,656.0,2614,ZAMORA,08130,-5.735277777777778,Zamora,Zamora,Zamora,Castilla y León,ESP
82,43.06222222222222,LEON,1510.0,2630X,PUERTO DE SAN ISIDRO,08057,-5.376944444444444,,Puebla de Lillo,León,Castilla y León,ESP
83,42.58833333333334,LEON,912.0,2661,"LEÓN, VIRGEN DEL CAMINO",08055,-5.651111111111112,,San Andrés del Rabanedo,León,Castilla y León,ESP
84,42.599444444444444,LEON,912.0,2661B,LEÓN AEROPUERTO,08055,-5.6436111111111105,,San Andrés del Rabanedo,León,Castilla y León,ESP
85,42.3775,LEON,1020.0,2737E,LAGUNAS DE SOMOZA,08123,-6.196666666666667,,Val de San Lorenzo,León,Castilla y León,ESP
86,42.01083333333333,ZAMORA,715.0,2755X,BENAVENTE,08056,-5.666666666666667,Benavente,Benavente,Zamora,Castilla y León,ESP
87,41.94138888888889,ZAMORA,850.0,2775X,VILLARDECIERVOS,08125,-6.279722222222222,,Villardeciervos,Zamora,Castilla y León,ESP
88,40.35055555555556,AVILA,1525.0,2811A,NAVARREDONDA DE GREDOS,08206,-5.143055555555556,,Navarredonda de Gredos,Ávila,Castilla y León,ESP
89,40.95944444444445,SALAMANCA,790.0,2867,SALAMANCA AEROPUERTO,08202,-5.498333333333333,,Machacón,Salamanca,Castilla y León,ESP
90,40.9575,SALAMANCA,775.0,2870,SALAMANCA,08201,-5.662222222222223,Salamanca,Salamanca,Salamanca,Castilla y León,ESP
91,41.01138888888889,SALAMANCA,769.0,2916A,VITIGUDINO,08129,-6.437777777777778,Vitigudino,Vitigudino,Salamanca,Castilla y León,ESP
92,40.635,SALAMANCA,680.0,2946X,SAELICES EL CHICO,08195,-6.6,,Saelices el Chico,Salamanca,Castilla y León,ESP
93,40.84166666666667,GUADALAJARA,1062.0,3013,MOLINA DE ARAGÓN,08232,-1.8788888888888888,Molina de Aragón,Molina de Aragón,Guadalajara,Castilla-La Mancha,ESP
94,40.530277777777776,CUENCA,928.0,3044X,CAÑIZARES,08230,-2.15,,Cañizares,Cuenca,Castilla-La Mancha,ESP
95,40.01138888888889,CUENCA,808.0,3094B,TARANCÓN,08277,-3.0213888888888887,Tarancón,Tarancón,Cuenca,Castilla-La Mancha,ESP
96,40.06722222222223,MADRID,540.0,3100B,ARANJUEZ,08229,-3.546111111111111,,Aranjuez,Madrid,Comunidad de Madrid,ESP
97,41.00694444444444,MADRID,1030.0,3110C,BUITRAGO DEL LOZOYA,08146,-3.613611111111111,,Buitrago del Lozoya,Madrid,Comunidad de Madrid,ESP
98,41.135555555555555,MADRID,1450.0,3111D,SOMOSIERRA,08145,-3.5802777777777774,Somosierra,Somosierra,Madrid,Comunidad de Madrid,ESP
99,40.46666666666667,MADRID,609.0,3129,MADRID AEROPUERTO,08221,-3.5555555555555554,,Madrid,Madrid,Comunidad de Madrid,ESP
100,41.08638888888889,GUADALAJARA,1005.0,3130C,SIGÜENZA,08150,-2.618055555555556,,Sigüenza,Guadalajara,Castilla-La Mancha,ESP
101,40.63472222222222,GUADALAJARA,685.0,3168A,"GUADALAJARA, INSTITUTO",,-3.1666666666666665,Guadalajara,Guadalajara,Guadalajara,Castilla-La Mancha,ESP
102,40.659166666666664,GUADALAJARA,639.0,3168C,"GUADALAJARA, EL SERRANILLO",08226,-3.1733333333333333,,Guadalajara,Guadalajara,Castilla-La Mancha,ESP
103,40.63027777777778,GUADALAJARA,721.0,3168D,GUADALAJARA,08226,-3.15,Guadalajara,Guadalajara,Guadalajara,Castilla-La Mancha,ESP
104,40.48861111111111,MADRID,607.0,3175,TORREJÓN DE ARDOZ,08227,-3.443611111111111,,Torrejón de Ardoz,Madrid,Comunidad de Madrid,ESP
105,40.69611111111111,MADRID,1004.0,3191E,COLMENAR VIEJO,08219,-3.765,Fanet,Colmenar Viejo,Madrid,Comunidad de Madrid,ESP
106,40.45166666666667,MADRID,664.0,3194U,"MADRID, CIUDAD UNIVERSITARIA",08220,-3.7241666666666666,,Madrid,Madrid,Comunidad de Madrid,ESP
107,40.411944444444444,MADRID,667.0,3195,"MADRID, RETIRO",08222,-3.6780555555555554,Madrid,Madrid,Madrid,Comunidad de Madrid,ESP
108,40.37555555555556,MADRID,690.0,3196,"MADRID, CUATRO VIENTOS",08223,-3.786111111111111,Madrid,Madrid,Madrid,Comunidad de Madrid,ESP
109,40.29944444444444,MADRID,620.0,3200,GETAFE,08224,-3.7222222222222223,,Getafe,Madrid,Comunidad de Madrid,ESP
110,39.85944444444445,TOLEDO,540.0,3259,"TOLEDO, LORENZANA",,-4.025555555555555,Toledo,Toledo,Toledo,Castilla-La Mancha,ESP
111,39.88472222222222,TOLEDO,515.0,3260B,TOLEDO,08272,-4.045277777777778,,Toledo,Toledo,Castilla-La Mancha,ESP
112,40.70638888888889,MADRID,1532.0,3266A,PUERTO ALTO DEL LEÓN,08217,-4.141944444444444,,El Espinar,Segovia,Castilla y León,ESP
113,39.54694444444444,TOLEDO,917.0,3298X,SAN PABLO DE LOS MONTES,08270,-4.350555555555555,,San Pablo de los Montes,Toledo,Castilla-La Mancha,ESP
114,40.42777777777778,MADRID,763.0,3338,ROBLEDO DE CHAVELA,08212,-4.25,,Robledo de Chavela,Madrid,Comunidad de Madrid,ESP
115,39.95861111111111,TOLEDO,372.0,3365A,TALAVERA DE LA REINA,08274,-4.863611111111111,,Talavera de la Reina,Toledo,Castilla-La Mancha,ESP
116,40.28861111111111,AVILA,630.0,3391,SOTILLO DE LA ADRADA,08208,-4.590833333333333,,Sotillo de la Adrada,Ávila,Castilla y León,ESP
117,39.94583333333333,CACERES,269.0,3434X,NAVALMORAL DE LA MATA,08254,-5.5825,,Navalmoral de la Mata,Cáceres,Extremadura,ESP
118,39.4825,CACERES,503.0,3463X,TRUJILLO,08263,-5.854166666666666,,Trujillo,Cáceres,Extremadura,ESP
119,39.475833333333334,CACERES,459.0,3469,"CÁCERES, CIUDAD",,-6.376388888888888,Cáceres,Cáceres,Cáceres,Extremadura,ESP
120,39.47138888888889,CACERES,394.0,3469A,CÁCERES,08261,-6.338888888888889,,Cáceres,Cáceres,Extremadura,ESP
121,40.043055555555554,CACERES,415.0,3519X,PLASENCIA,08252,-6.085833333333333,Plasencia,Plasencia,Cáceres,Extremadura,ESP
122,40.00361111111111,CACERES,313.0,3526X,CORIA,08251,-6.5575,,Coria,Cáceres,Extremadura,ESP
123,39.414722222222224,CACERES,444.0,3576X,VALENCIA DE ALCÁNTARA,08260,-7.231111111111111,Valencia de Alcántara,Valencia de Alcántara,Cáceres,Extremadura,ESP
124,39.597500000000004,TOLEDO,691.0,4061X,QUINTANAR DE LA ORDEN,08275,-3.0469444444444442,Quintanar de la Orden,Quintanar de la Orden,Toledo,Castilla-La Mancha,ESP
125,39.49194444444444,TOLEDO,690.0,4067,MADRIDEJOS,08273,-3.5283333333333333,,Madridejos,Toledo,Castilla-La Mancha,ESP
126,39.416666666666664,CUENCA,728.0,4090Y,SAN CLEMENTE,08256,-2.4205555555555556,,San Clemente,Cuenca,Castilla-La Mancha,ESP
127,39.16916666666666,CIUDAD REAL,662.0,4103X,TOMELLOSO,08276,-3.0075,,Tomelloso,Ciudad Real,Castilla-La Mancha,ESP
128,38.98916666666667,CIUDAD REAL,628.0,4121,CIUDAD REAL,08348,-3.9202777777777778,Ciudad Real,Ciudad Real,Ciudad Real,Castilla-La Mancha,ESP
129,38.98777777777778,CIUDAD REAL,627.0,4121C,"CIUDAD REAL, INSTITUTO",,-3.9291666666666667,Ciudad Real,Ciudad Real,Ciudad Real,Castilla-La Mancha,ESP
130,38.75055555555556,CIUDAD REAL,700.0,4147X,VALDEPEÑAS,08351,-3.391388888888889,Valdepeñas,Valdepeñas,Ciudad Real,Castilla-La Mancha,ESP
131,38.518055555555556,CIUDAD REAL,804.0,4148,VISO DEL MARQUÉS,08345,-3.5666666666666664,Viso del Marqués,Viso del Marqués,Ciudad Real,Castilla-La Mancha,ESP
132,39.08861111111111,CIUDAD REAL,486.0,4220X,PUEBLA DE DON RODRIGO,08271,-4.616388888888888,Puebla de Don Rodrigo,Puebla de Don Rodrigo,Ciudad Real,Castilla-La Mancha,ESP
133,39.169444444444444,BADAJOZ,447.0,4244X,HERRERA DEL DUQUE,08264,-5.062222222222222,,Herrera del Duque,Badajoz,Extremadura,ESP
134,38.49861111111111,CORDOBA,551.0,4267X,HINOJOSA DEL DUQUE,08335,-5.1211111111111105,,Hinojosa del Duque,Córdoba,Andalucía,ESP
135,38.955555555555556,BADAJOZ,273.0,4358X,DON BENITO,08333,-5.880555555555556,Don Benito,Don Benito,Badajoz,Extremadura,ESP
136,38.23166666666667,BADAJOZ,655.0,4386B,LLERENA,08336,-6.016944444444444,,Llerena,Badajoz,Extremadura,ESP
137,38.91583333333333,BADAJOZ,228.0,4410X,MÉRIDA,08331,-6.385555555555556,Mérida,Mérida,Badajoz,Extremadura,ESP
138,38.88333333333333,BADAJOZ,185.0,4452,BADAJOZ AEROPUERTO,08330,-6.813888888888889,,Badajoz,Badajoz,Extremadura,ESP
139,38.29861111111111,BADAJOZ,381.0,4511C,JEREZ DE LOS CABALLEROS,08337,-6.765,,Jerez de los Caballeros,Badajoz,Extremadura,ESP
140,37.19472222222222,HUELVA,2.0,4549Y,AYAMONTE,08381,-7.3950000000000005,,Ayamonte,Huelva,Andalucía,ESP
141,37.868611111111115,HUELVA,572.0,4560Y,ALAJAR,08380,-6.675000000000001,,Alájar,Huelva,Andalucía,ESP
142,37.25666666666667,HUELVA,17.0,4605,HUELVA,,-6.949722222222222,Huelva,Huelva,Huelva,Andalucía,ESP
143,37.27833333333333,HUELVA,19.0,4642E,"HUELVA, RONDA ESTE",08383,-6.911666666666667,,Huelva,Huelva,Andalucía,ESP
144,35.89555555555555,CEUTA,200.0,5000A,"CEUTA, MONTE HACHO",,-5.292222222222222,,Ceuta,Ceuta,Ciudad Autónoma de Ceuta,ESP
145,35.88861111111111,CEUTA,87.0,5000C,CEUTA,60320,-5.3469444444444445,,Ceuta,Ceuta,Ciudad Autónoma de Ceuta,ESP
146,37.91583333333333,JAEN,782.0,5038X,CAZORLA,08353,-3.003888888888889,Cazorla,Cazorla,Jaén,Andalucía,ESP
147,37.505833333333335,GRANADA,785.0,5047E,BAZA,08424,-2.735,,Baza,Granada,Andalucía,ESP
148,37.861111111111114,GRANADA,1092.0,5051X,HUÉSCAR,08423,-2.6527777777777777,,Huéscar,Granada,Andalucía,ESP
149,38.31472222222222,JAEN,580.0,5181D,ARROYO DEL OJANCO,08352,-2.8897222222222223,,Arroyo del Ojanco,Jaén,Andalucía,ESP
150,38.48916666666667,JAEN,862.0,5192,VILLARRODRIGO,08354,-2.6375,Villarrodrigo,Villarrodrigo,Jaén,Andalucía,ESP
151,38.34444444444445,JAEN,770.0,5246,SANTA ELENA,08350,-3.5352777777777775,Santa Elena,Santa Elena,Jaén,Andalucía,ESP
152,37.77638888888889,JAEN,510.0,5270,"JAÉN, INSTITUTO",,-3.7888888888888888,Jaén,Jaén,Jaén,Andalucía,ESP
153,37.777499999999996,JAEN,580.0,5270B,JAÉN,08417,-3.8088888888888888,Jaén,Jaén,Jaén,Andalucía,ESP
154,38.02305555555555,JAEN,202.0,5298X,ANDÚJAR,08347,-4.0633333333333335,,Andújar,Jaén,Andalucía,ESP
155,38.33305555555556,CORDOBA,750.0,5390Y,VILLANUEVA DE CÓRDOBA,08346,-4.608888888888888,,Villanueva de Córdoba,Córdoba,Andalucía,ESP
156,37.848888888888894,CORDOBA,90.0,5402,CÓRDOBA AEROPUERTO,08410,-4.846666666666667,,Córdoba,Córdoba,Andalucía,ESP
157,37.55611111111111,CORDOBA,650.0,5427X,DOÑA MENCÍA,08412,-4.353888888888888,,Doña Mencía,Córdoba,Andalucía,ESP
158,37.13722222222222,GRANADA,687.0,5514,GRANADA BASE AÉREA,08420,-3.631388888888889,,Alhendín,Granada,Andalucía,ESP
159,37.189722222222215,GRANADA,567.0,5530E,GRANADA AEROPUERTO,08419,-3.7894444444444444,,Chauchina,Granada,Andalucía,ESP
160,37.16111111111111,GRANADA,760.0,5582A,LOJA,08414,-4.152777777777779,,Loja,Granada,Andalucía,ESP
161,37.19444444444444,SEVILLA,410.0,5612B,LA RODA DE ANDALUCÍA,08399,-4.77,,La Roda de Andalucía,Sevilla,Andalucía,ESP
162,37.51611111111111,SEVILLA,130.0,5641X,ÉCIJA,08395,-5.085,,Écija,Sevilla,Andalucía,ESP
163,37.92638888888889,SEVILLA,550.0,5704B,CAZALLA DE LA SIERRA,08392,-5.769722222222222,,Cazalla de la Sierra,Sevilla,Andalucía,ESP
164,37.416666666666664,SEVILLA,34.0,5783,SEVILLA AEROPUERTO,08391,-5.879166666666667,,Sevilla,Sevilla,Andalucía,ESP
165,37.16444444444444,SEVILLA,87.0,5796,MORÓN DE LA FRONTERA,08397,-5.6113888888888885,,Arahal,Sevilla,Andalucía,ESP
166,37.09805555555556,HUELVA,41.0,5860E,"MOGUER, EL ARENOSILLO",08384,-6.7380555555555555,,Moguer,Huelva,Andalucía,ESP
167,36.638888888888886,CADIZ,21.0,5910,"ROTA, BASE NAVAL",08449,-6.3325,,Rota,Cádiz,Andalucía,ESP
168,36.760555555555555,CADIZ,913.0,5911A,GRAZALEMA,08455,-5.3741666666666665,,Grazalema,Cádiz,Andalucía,ESP
169,36.75055555555556,CADIZ,27.0,5960,JEREZ DE LA FRONTERA AEROPUERTO,08451,-6.055833333333333,,Jerez de la Frontera,Cádiz,Andalucía,ESP
170,36.46555555555556,CADIZ,28.0,5972X,SAN FERNANDO,08453,-6.205555555555556,San Fernando,San Fernando,Cádiz,Andalucía,ESP
171,36.499722222222225,CADIZ,2.0,5973,CÁDIZ,08452,-6.257777777777778,Cádiz,Cádiz,Cádiz,Andalucía,ESP
172,36.245555555555555,CADIZ,186.0,5995B,VEJER DE LA FRONTERA,08457,-5.965,Vejer de la Frontera,Vejer de la Frontera,Cádiz,Andalucía,ESP
173,35.27638888888889,MELILLA,52.0,6000A,MELILLA,60338,-2.956388888888889,Melilla,Melilla,Melilla,Ciudad Autónoma de Melilla,ESP
174,36.013888888888886,CADIZ,32.0,6001,TARIFA,08458,-5.598888888888888,,Tarifa,Cádiz,Andalucía,ESP
175,36.749722222222225,MALAGA,766.0,6032B,RONDA,08443,-5.168333333333334,Ronda,Ronda,Málaga,Andalucía,ESP
176,36.41694444444444,MALAGA,19.0,6058I,ESTEPONA,08463,-5.155,Estepona,Estepona,Málaga,Andalucía,ESP
177,36.53861111111111,MALAGA,8.0,6084X,FUENGIROLA,08480,-4.618333333333334,,Fuengirola,Málaga,Andalucía,ESP
178,37.029444444444444,MALAGA,408.0,6106X,ANTEQUERA,08413,-4.748333333333333,,Antequera,Málaga,Andalucía,ESP
179,36.66611111111111,MALAGA,5.0,6155A,MÁLAGA AEROPUERTO,08482,-4.482222222222222,,Málaga,Málaga,Andalucía,ESP
180,36.717777777777776,MALAGA,54.0,6156X,"MÁLAGA, CENTRO METEOROLÓGICO",08481,-4.4816666666666665,Málaga,Málaga,Málaga,Andalucía,ESP
181,36.71666666666667,MALAGA,25.0,6172O,"MÁLAGA, PUERTO",08479,-4.419722222222222,Málaga,Málaga,Málaga,Andalucía,ESP
182,36.72638888888889,MALAGA,3.0,6205X,TORROX,08484,-3.957222222222222,Torrox-Costa,Torrox,Málaga,Andalucía,ESP
183,36.72277777777778,GRANADA,12.0,6268X,MOTRIL,08485,-3.5302777777777776,El Varadero,Motril,Granada,Andalucía,ESP
184,36.74722222222222,ALMERIA,8.0,6277B,ADRA,08486,-3.0205555555555557,Adra,Adra,Almería,Andalucía,ESP
185,36.68694444444444,ALMERIA,3.0,6293X,ROQUETAS DE MAR,08492,-2.7016666666666667,,El Ejido,Almería,Andalucía,ESP
186,36.83111111111111,ALMERIA,7.0,6297,ALMERÍA,,-2.4555555555555557,Almería,Almería,Almería,Andalucía,ESP
187,37.14138888888889,ALMERIA,869.0,6302A,ABLA,08427,-2.779722222222222,Abla,Abla,Almería,Andalucía,ESP
188,36.84638888888889,ALMERIA,21.0,6325O,ALMERÍA AEROPUERTO,08487,-2.3569444444444447,,Almería,Almería,Andalucía,ESP
189,36.98027777777778,ALMERIA,16.0,6332X,CARBONERAS,08488,-1.903611111111111,,Carboneras,Almería,Andalucía,ESP
190,37.39055555555556,ALMERIA,300.0,6367B,HUÉRCAL-OVERA,08428,-1.9436111111111112,Huércal-Overa,Huércal-Overa,Almería,Andalucía,ESP
191,35.93833333333333,ALMERIA,15.0,6381,ALBORÁN,08490,-3.036111111111111,,Almería,Almería,Andalucía,ESP
192,37.41722222222222,MURCIA,26.0,7002Y,ÁGUILAS,08432,-1.5869444444444445,Águilas,Águilas,Murcia,Región de Murcia,ESP
193,37.60111111111111,MURCIA,17.0,7012C,CARTAGENA,08434,-0.9877777777777778,Cartagena,Cartagena,Murcia,Región de Murcia,ESP
194,37.788888888888884,MURCIA,4.0,7031,SAN JAVIER AEROPUERTO,08433,-0.8033333333333333,,San Javier,Murcia,Región de Murcia,ESP
195,37.77833333333333,MURCIA,4.0,7031X,SAN JAVIER AEROPUERTO,08433,-0.8058333333333334,,San Javier,Murcia,Región de Murcia,ESP
196,38.54194444444444,ALBACETE,646.0,7096B,HELLÍN,08355,-1.7030555555555555,,Hellín,Albacete,Castilla-La Mancha,ESP
197,38.1025,MURCIA,643.0,7119B,CARAVACA DE LA CRUZ,08365,-1.8772222222222223,,Caravaca de la Cruz,Murcia,Región de Murcia,ESP
198,38.23277777777778,MURCIA,265.0,7145D,CIEZA,08363,-1.3805555555555555,,Cieza,Murcia,Región de Murcia,ESP
199,38.00194444444445,MURCIA,61.0,7178I,MURCIA,08430,-1.1708333333333334,Guadalupe de Maciascoque,Murcia,Murcia,Región de Murcia,ESP
200,37.65472222222222,MURCIA,312.0,7209,LORCA,08426,-1.6872222222222222,,Lorca,Murcia,Región de Murcia,ESP
201,37.95777777777778,MURCIA,75.0,7228,"ALCANTARILLA, BASE AÉREA",08429,-1.2286111111111113,,Murcia,Murcia,Región de Murcia,ESP
202,38.39972222222222,ALICANTE,575.0,7247X,PINOSO ,08357,-1.0380555555555557,Pinoso,Pinoso,Alicante,Comunidad Valenciana,ESP
203,38.60166666666667,MURCIA,640.0,7275C,YECLA,08356,-1.159722222222222,,Yecla,Murcia,Región de Murcia,ESP
204,38.282777777777774,ALICANTE,43.0,8019,ALICANTE-ELCHE AEROPUERTO,08360,-0.5708333333333333,,Elche,Alicante,Comunidad Valenciana,ESP
205,38.3725,ALICANTE,81.0,8025,ALICANTE/ALACANT,08359,-0.49416666666666664,Alicante,Alicante,Alicante,Comunidad Valenciana,ESP
206,38.78361111111111,ALICANTE,15.0,8050X,JÁVEA/ XÀBIA,08370,0.16777777777777778,,Jávea,Alicante,Comunidad Valenciana,ESP
207,38.928888888888885,VALENCIA,5.0,8058X,OLIVA,08282,-0.09583333333333333,Platja d'Oliva,Oliva,Valencia,Comunidad Valenciana,ESP
208,40.06722222222223,CUENCA,948.0,8096,CUENCA,08231,-2.1319444444444446,Cuenca,Cuenca,Cuenca,Castilla-La Mancha,ESP
209,38.95416666666667,ALBACETE,702.0,8175,ALBACETE BASE AÉREA,08280,-1.856388888888889,,Albacete,Albacete,Castilla-La Mancha,ESP
210,38.93583333333333,ALBACETE,880.0,8177A,CHINCHILLA,08278,-1.66,,Chinchilla de Monte-Aragón,Albacete,Castilla-La Mancha,ESP
211,39.00555555555555,ALBACETE,676.0,8178D,ALBACETE,08279,-1.8622222222222222,Albacete,Albacete,Albacete,Castilla-La Mancha,ESP
212,39.001666666666665,VALENCIA,88.0,8293X,XÀTIVA,08290,-0.5236111111111111,Xàtiva,Xàtiva,València,Comunitat Valenciana,ESP
213,39.57555555555556,VALENCIA,758.0,8309X,UTIEL,08281,-1.2447222222222223,,Utiel,Valencia,Comunidad Valenciana,ESP
214,39.18472222222222,VALENCIA,12.0,8325X,POLINYÀ DE XÚQUER,08287,-0.3719444444444444,,Polinyà de Xúquer,Valencia,Comunidad Valenciana,ESP
215,40.35055555555556,TERUEL,900.0,8368U,TERUEL,08235,-1.1241666666666668,,Teruel,Teruel,Aragón,ESP
216,39.485,VALENCIA,56.0,8414A,VALENCIA AEROPUERTO,08284,-0.4747222222222222,,Manises,València,Comunitat Valenciana,ESP
217,39.480555555555554,VALENCIA,11.0,8416,VALÈNCIA,08285,-0.3663888888888889,Valencia,Valencia,Valencia,Comunidad Valenciana,ESP
218,39.480555555555554,VALENCIA,11.0,8416Y,"VALÈNCIA, VIVEROS",08285,-0.3663888888888889,Valencia,Valencia,Valencia,Comunidad Valenciana,ESP
219,40.43333333333333,CASTELLON,1131.0,8489X,VILLAFRANCA DEL CID/VILLAFRANCA,08241,-0.25583333333333336,Villafranca del Cid,Villafranca del Cid,Castellón,Comunidad Valenciana,ESP
220,39.95722222222223,CASTELLON,43.0,8500A,CASTELLÓN - ALMASSORA,08286,-0.07194444444444445,Almassora,Almassora,Castellón,Comunidad Valenciana,ESP
221,39.98916666666667,CASTELLON,23.0,8501,CASTELLÓ DE LA PLANA,,-0.03222222222222222,Castellón,Castellón,Castellón,Comunidad Valenciana,ESP
222,40.55416666666667,CASTELLON,111.0,8523X,VINARÒS,08239,0.4297222222222222,,Vinaròs,Castellón,Comunidad Valenciana,ESP
223,42.99194444444444,CANTABRIA,870.0,9001D,REINOSA,08032,-4.160555555555556,,Campoo de Enmedio,Cantabria,Cantabria,ESP
224,42.80638888888888,CANTABRIA,720.0,9019B,"VALDERREDIBLE, POLIENTES   ",08033,-3.933888888888889,,Valderredible,Cantabria,Cantabria,ESP
225,42.919999999999995,BURGOS,580.0,9051,MEDINA DE POMAR,08063,-3.4827777777777778,Medina de Pomar,Medina de Pomar,Burgos,Castilla y León,ESP
226,42.849722222222226,ARABA/ALAVA,521.0,9087,VITORIA AERÓDROMO,,-2.656111111111111,Vitoria,Vitoria,Álava,País Vasco,ESP
227,42.88194444444444,ARABA/ALAVA,513.0,9091O,FORONDA-TXOKIZA,08080,-2.735,,Vitoria,Álava,País Vasco,ESP
228,42.871944444444445,ARABA/ALAVA,513.0,9091R,VITORIA GASTEIZ AEROPUERTO,08080,-2.7327777777777778,,Vitoria,Álava,País Vasco,ESP
229,42.42111111111111,BURGOS,820.0,9111,BELORADO,08077,-3.1702777777777778,,Belorado,Burgos,Castilla y León,ESP
230,42.452222222222225,LA RIOJA,353.0,9170,"LOGROÑO, AEROPUERTO",08084,-2.331111111111111,Recajo,Agoncillo,La Rioja,La Rioja,ESP
231,42.57888888888889,HUESCA,823.0,9201K,JACA,08091,-0.5469444444444445,Jaca,Jaca,Huesca,Aragón,ESP
232,42.70888888888889,HUESCA,1040.0,9208E,ARAGÜÉS DEL PUERTO,08095,-0.6730555555555555,,Aragüés del Puerto,Huesca,Aragón,ESP
233,42.490833333333335,ZARAGOZA,626.0,9244X,SOS DEL REY CATÓLICO,08090,-1.213611111111111,,Sos del Rey Católico,Zaragoza,Aragón,ESP
234,42.81777777777778,NAVARRA,450.0,9262,PAMPLONA,,-1.6383333333333332,Pamplona,Pamplona,Navarra,Comunidad Foral de Navarra,ESP
235,42.776944444444446,NAVARRA,459.0,9263D,"PAMPLONA, AEROPUERTO",08085,-1.65,,Noáin (Valle de Elorz),Navarra,Comunidad Foral de Navarra,ESP
236,42.77611111111111,NAVARRA,572.0,9263X,"ARANGUREN, ILUNDAIN  ",08089,-1.5325,Ilundáin,Aranguren,Navarra,Comunidad Foral de Navarra,ESP
237,42.206944444444446,NAVARRA,268.0,9283X,CADREITA,08153,-1.7113888888888888,,Alfaro,La Rioja,La Rioja,ESP
238,42.198611111111106,NAVARRA,295.0,9294E,"BARDENAS REALES, BASE AÉREA ",08087,-1.475277777777778,,Bardenas Reales,Navarra,Comunidad Foral de Navarra,ESP
239,40.865,TERUEL,932.0,9381,"CALAMOCHA, AERÓDROMO",,-1.305,,Fuentes Claras,Teruel,Aragón,ESP
240,40.92611111111111,TERUEL,890.0,9381I,CALAMOCHA,08233,-1.2933333333333332,Calamocha,Calamocha,Teruel,Aragón,ESP
241,41.114444444444445,ZARAGOZA,779.0,9390,DAROCA,08157,-1.41,Daroca,Daroca,Zaragoza,Aragón,ESP
242,41.33111111111111,ZARAGOZA,582.0,9394X,CALATAYUD,08156,-1.6452777777777778,,Calatayud,Zaragoza,Aragón,ESP
243,41.660555555555554,ZARAGOZA,249.0,9434,"ZARAGOZA, AEROPUERTO",08160,-1.0041666666666667,,Zaragoza,Zaragoza,Aragón,ESP
244,41.62083333333334,ZARAGOZA,254.0,9434P,"ZARAGOZA, VALDESPARTERA",08159,-0.935,Zaragoza,Zaragoza,Zaragoza,Aragón,ESP
245,40.49861111111111,CASTELLON,1220.0,9563X,CASTELLFORT,08237,-0.18666666666666665,,Castellfort,Castellón,Comunidad Valenciana,ESP
246,40.946666666666665,TERUEL,466.0,9569A,CALANDA,08166,-0.23777777777777778,Calanda,Calanda,Teruel,Aragón,ESP
247,41.058055555555555,TERUEL,334.0,9573X,ALCAÑIZ,08164,-0.14166666666666666,,Alcañiz,Teruel,Aragón,ESP
248,41.5225,ZARAGOZA,357.0,9576C,BUJARALOZ,08165,-0.17444444444444443,,La Almolda,Zaragoza,Aragón,ESP
249,42.3325,GIRONA,1703.0,9585,LA MOLINA,08117,1.9394444444444445,,Alp,Girona,Catalunya,ESP
250,42.35472222222222,LLEIDA,677.0,9619,LA SEU D'URGELL,08115,1.4630555555555556,La Seu d'Urgell,La Seu d'Urgell,Lleida,Catalunya,ESP
251,42.20527777777778,LLEIDA,807.0,9698U,TALARN,08112,0.8652777777777777,,Tremp,Lleida,Catalunya,ESP
252,41.650555555555556,LLEIDA,388.0,9720X,TÀRREGA,08173,1.1494444444444445,Tàrrega,Tàrrega,Lleida,Catalunya,ESP
253,41.617222222222225,LLEIDA,199.0,9771,"LLEIDA, OBSERVATORIO",,0.6211111111111112,Lleida,Lleida,Lleida,Catalunya,ESP
254,41.626111111111115,LLEIDA,185.0,9771C,LLEIDA,08171,0.5980555555555556,Lleida,Lleida,Lleida,Catalunya,ESP
255,42.63,HUESCA,992.0,9784P,BIELSA,08103,0.22472222222222224,,Bielsa,Huesca,Aragón,ESP
256,42.626666666666665,HUESCA,1020.0,9814A,TORLA,08101,-0.11166666666666668,Torla,Torla-Ordesa,Huesca,Aragón,ESP
257,42.08444444444444,HUESCA,546.0,9898,"HUESCA, AEROPUERTO",08094,-0.32555555555555554,,Alcalá del Obispo,Huesca,Aragón,ESP
258,40.82027777777778,TARRAGONA,50.0,9981A,ESTACIÓN DE TORTOSA (ROQUETES),08238,0.49333333333333335,,Roquetes,Tarragona,Catalunya,ESP
259,40.69916666666666,TARRAGONA,1.0,9987P,SANT JAUME D'ENVEJA,08240,0.81,,Sant Jaume d'Enveja,Tarragona,Catalunya,ESP
260,42.70027777777778,LLEIDA,1161.0,9990X,"NAUT ARAN, ARTIES ",08107,0.8769444444444445,,Naut Aran,Lleida,Catalunya,ESP
261,39.82333333333334,ILLES BALEARS,490.0,B013X,"ESCORCA, LLUC",08304,2.8858333333333333,,Escorca,Illes Balears,Illes Balears,ESP
262,39.555277777777775,ILLES BALEARS,3.0,B228,"PALMA, PUERTO",08301,2.625277777777778,Palma,Palma,Illes Balears,Illes Balears,ESP
263,39.735,ILLES BALEARS,1030.0,B248,"SIERRA DE ALFABIA, BUNYOLA",08303,2.7130555555555556,,Bunyola,Illes Balears,Illes Balears,ESP
264,39.56083333333333,ILLES BALEARS,8.0,B278,"PALMA DE MALLORCA, AEROPUERTO",08306,2.736666666666667,,Palma,Islas Baleares,Islas Baleares,ESP
265,39.52166666666667,ILLES BALEARS,120.0,B346X,PORRERES,08310,3.0191666666666666,,Porreres,Islas Baleares,Islas Baleares,ESP
266,39.41444444444444,ILLES BALEARS,17.0,B434X,PORTOCOLOM  ,08309,3.2716666666666665,Porto Colom,Felanitx,Islas Baleares,Islas Baleares,ESP
267,39.71666666666667,ILLES BALEARS,57.0,B569X,CAPDEPERA,08311,3.4780555555555557,,Capdepera,Illes Balears,Illes Balears,ESP
268,39.74916666666667,ILLES BALEARS,40.0,B691Y,SA POBLA,08312,3.0166666666666666,,Sa Pobla,Illes Balears,Illes Balears,ESP
269,39.85472222222222,ILLES BALEARS,91.0,B893,"MENORCA, AEROPUERTO",08314,4.2155555555555555,,Mahón,Islas Baleares,Islas Baleares,ESP
270,38.87638888888889,ILLES BALEARS,6.0,B954,"IBIZA, AEROPUERTO",08373,1.3844444444444444,,Sant Josep de sa Talaia,Illes Balears,Illes Balears,ESP
271,28.951944444444443,LAS PALMAS,14.0,C029O,LANZAROTE AEROPUERTO,60040,-13.600277777777777,,San Bartolomé,Las Palmas,Islas Canarias,ESP
272,28.59583333333333,STA. CRUZ DE TENERIFE,62.0,C129Z,TAZACORTE,60004,-17.915277777777778,,Tazacorte,Santa Cruz de Tenerife,Islas Canarias,ESP
273,28.633055555555558,STA. CRUZ DE TENERIFE,33.0,C139E,LA PALMA AEROPUERTO,60005,-17.755,,Breña Baja,Santa Cruz de Tenerife,Islas Canarias,ESP
274,28.049166666666668,LAS PALMAS,15.0,C229J,PÁJARA,60034,-14.358055555555556,Morro del Jable,Pájara,Las Palmas,Islas Canarias,ESP
275,28.44472222222222,LAS PALMAS,25.0,C249I,FUERTEVENTURA AEROPUERTO,60035,-13.863055555555555,,Puerto del Rosario,Las Palmas,Islas Canarias,ESP
276,28.08972222222222,STA. CRUZ DE TENERIFE,15.0,C329Z,SAN SEBASTIÁN DE LA GOMERA,60008,-17.11138888888889,San Sebastián de la Gomera,San Sebastián de la Gomera,Santa Cruz de Tenerife,Islas Canarias,ESP
277,28.046944444444446,STA. CRUZ DE TENERIFE,64.0,C429I,TENERIFE SUR AEROPUERTO,60025,-16.561111111111114,,Granadilla de Abona,Santa Cruz de Tenerife,Islas Canarias,ESP
278,28.30888888888889,STA. CRUZ DE TENERIFE,2371.0,C430E,IZAÑA,60010,-16.499444444444446,,Güímar,Santa Cruz de Tenerife,Islas Canarias,ESP
279,28.31833333333333,STA. CRUZ DE TENERIFE,115.0,C439J,GÜÍMAR,60018,-16.38222222222222,,Güímar,Santa Cruz de Tenerife,Islas Canarias,ESP
280,28.4775,STA. CRUZ DE TENERIFE,632.0,C447A,TENERIFE NORTE AEROPUERTO,60015,-16.329444444444444,,San Cristóbal de La Laguna,Santa Cruz de Tenerife,Islas Canarias,ESP
281,28.46333333333333,STA. CRUZ DE TENERIFE,35.0,C449C,STA.CRUZ DE TENERIFE,60020,-16.255277777777778,Santa Cruz de Tenerife,Santa Cruz de Tenerife,Santa Cruz de Tenerife,Islas Canarias,ESP
282,28.418055555555558,STA. CRUZ DE TENERIFE,25.0,C459Z,PUERTO DE LA CRUZ,60012,-16.548055555555557,Puerto de la Cruz,Puerto de la Cruz,Santa Cruz de Tenerife,Islas Canarias,ESP
283,28.000833333333333,LAS PALMAS,10.0,C619I,LA ALDEA DE SAN NICOLÁS,60027,-15.81388888888889,,La Aldea de San Nicolás,Las Palmas,Islas Canarias,ESP
284,27.81638888888889,LAS PALMAS,10.0,C629X,"MOGÁN, PUERTO",60036,-15.764166666666666,Puerto de Mogán,Mogán,Las Palmas,Islas Canarias,ESP
285,27.91777777777778,LAS PALMAS,32.0,C649I,GRAN CANARIA AEROPUERTO,60030,-15.395277777777777,,Telde,Las Palmas,Islas Canarias,ESP
286,28.08972222222222,LAS PALMAS,55.0,C659H,"LAS PALMAS DE GRAN CANARIA, SAN CRISTOBAL",60029,-15.416111111111112,Las Palmas de Gran Canaria,Las Palmas de Gran Canaria,Las Palmas,Islas Canarias,ESP
287,28.113055555555558,LAS PALMAS,15.0,C659M,"LAS PALMAS DE GRAN CANARIA, PL. DE LA FERIA",60032,-15.421388888888888,Las Palmas de Gran Canaria,Las Palmas de Gran Canaria,Las Palmas,Islas Canarias,ESP
288,27.735833333333336,LAS PALMAS,6.0,C689E,MASPALOMAS,60037,-15.595833333333333,Montaña Blanca,San Bartolomé de Tirajana,Las Palmas,Islas Canarias,ESP
289,29.231944444444444,LAS PALMAS,10.0,C839I,TEGUISE,,-13.501944444444444,Caleta de Sebo,Teguise,Las Palmas,Islas Canarias,ESP
290,27.81888888888889,STA. CRUZ DE TENERIFE,32.0,C929I,HIERRO AEROPUERTO,60001,-17.88888888888889,,Valverde,Santa Cruz de Tenerife,Islas Canarias,ESP
